[
  {
    "id": 1,
    "first_name": "Far",
    "last_name": "Kesteven",
    "email": "fkesteven0@xrea.com",
    "gender": "Male",
    "cost": 15000,
    "birthday": "2020-02-03",
    "breeds": "American Shorthair",
    "place": "Nursery",
    "description": "",
    "url_l": "https://live.staticflickr.com/65535/52741636797_0f90653e7e_b.jpg"
  },
  {
    "id": 2,
    "first_name": "Papageno",
    "last_name": "Lamort",
    "email": "plamort1@simplemachines.org",
    "gender": "Male",
    "ip_address": "202.230.163.178",
    "cost": 14000,
    "url_l": "https://live.staticflickr.com/65535/52742404829_05d81316cd_b.jpg"
  },
  {
    "id": 3,
    "first_name": "Lorenzo",
    "last_name": "Seccombe",
    "email": "lseccombe2@photobucket.com",
    "gender": "Male",
    "ip_address": "251.105.133.122",
    "cost": 10000,
    "url_l": "https://live.staticflickr.com/65535/52742157104_a03fae9440_b.jpg"
  },
  {
    "id": 4,
    "first_name": "Dolph",
    "last_name": "Klampt",
    "email": "dklampt3@people.com.cn",
    "gender": "Male",
    "ip_address": "183.29.246.226",
    "cost": 22000,
    "url_l": "https://live.staticflickr.com/65535/52741845499_373a532655_b.jpg"
  },
  {
    "id": 5,
    "first_name": "Bradley",
    "last_name": "Philbrook",
    "email": "bphilbrook4@ehow.com",
    "gender": "Male",
    "ip_address": "220.92.24.11",
    "cost": 15000,
    "url_l": "https://live.staticflickr.com/65535/52740322072_eb8c0b3a2f_b.jpg"
  },
  {
    "id": 6,
    "first_name": "Deloria",
    "last_name": "Elis",
    "email": "delis5@skype.com",
    "gender": "Female",
    "ip_address": "150.110.95.239",
    "cost": 12000,
    "url_l": "https://live.staticflickr.com/65535/52730672717_35ca10420c_b.jpg"
  },
  {
    "id": 7,
    "first_name": "Loren",
    "last_name": "Pering",
    "email": "lpering6@webs.com",
    "gender": "Female",
    "ip_address": "124.229.15.47",
    "cost": 8000,
    "url_l": "https://live.staticflickr.com/65535/52731355838_d75538cc11_b.jpg"
  },
  {
    "id": 8,
    "first_name": "Angeline",
    "last_name": "Statersfield",
    "email": "astatersfield7@live.com",
    "gender": "Female",
    "ip_address": "59.249.163.21",
    "cost": 15000,
    "url_l": "https://live.staticflickr.com/65535/52741096258_05286857d6_b.jpg"
  },
  {
    "id": 9,
    "first_name": "Daven",
    "last_name": "Vinnick",
    "email": "dvinnick8@ovh.net",
    "gender": "Male",
    "ip_address": "240.208.19.183",
    "cost": 14000,
    "url_l": "https://live.staticflickr.com/65535/52740836889_dc737859c4_b.jpg"
  },
  {
    "id": 10,
    "first_name": "Karina",
    "last_name": "Miall",
    "email": "kmiall9@berkeley.edu",
    "gender": "Female",
    "ip_address": "141.117.62.19",
    "cost": 18000,
    "url_l": "https://live.staticflickr.com/65535/52740709130_10225cf35b_b.jpg"
  },
  {
    "id": 11,
    "first_name": "Roanne",
    "last_name": "GiacobbiniJacob",
    "email": "rgiacobbinijacoba@ameblo.jp",
    "gender": "Female",
    "ip_address": "232.123.163.145",
    "cost": 15000,
    "url_l": "https://live.staticflickr.com/65535/52730514661_05a0a7719c_b.jpg"
  },
  {
    "id": 12,
    "first_name": "Marcelo",
    "last_name": "Klimczak",
    "email": "mklimczakb@clickbank.net",
    "gender": "Male",
    "ip_address": "148.3.174.103",
    "cost": 14000,
    "url_l": "https://live.staticflickr.com/65535/52740525064_fe5cc3fa4a_b.jpg"
  },
  {
    "id": 13,
    "first_name": "Hobard",
    "last_name": "Camel",
    "email": "hcamelc@deliciousdays.com",
    "gender": "Male",
    "ip_address": "77.250.250.107",
    "cost": 15000,
    "url_l": "https://live.staticflickr.com/65535/52740742713_3689d0bffa_b.jpg"
  },
  {
    "id": 14,
    "first_name": "Gerri",
    "last_name": "Crosen",
    "email": "gcrosend@ycombinator.com",
    "gender": "Female",
    "ip_address": "235.84.236.165",
    "cost": 15000,
    "url_l": "https://live.staticflickr.com/65535/52740504349_fc5d4ea652_b.jpg"
  },
  {
    "id": 15,
    "first_name": "Lennard",
    "last_name": "Lake",
    "email": "llakee@theglobeandmail.com",
    "gender": "Male",
    "ip_address": "186.150.115.79",
    "cost": 18000,
    "url_l": "https://live.staticflickr.com/65535/52740663205_b4fb13c975_b.jpg"
  },
  {
    "id": 16,
    "first_name": "Doyle",
    "last_name": "Wastie",
    "email": "dwastief@mtv.com",
    "gender": "Male",
    "ip_address": "137.71.57.102",
    "cost": 16000,
    "url_l": "https://live.staticflickr.com/65535/52739733597_a6060cd98d_b.jpg"
  },
  {
    "id": 17,
    "first_name": "Kai",
    "last_name": "Stallworthy",
    "email": "kstallworthyg@independent.co.uk",
    "gender": "Female",
    "ip_address": "91.225.0.81",
    "cost": 13000,
    "url_l": "https://live.staticflickr.com/65535/52740195456_38dacc3aee_b.jpg"
  },
  {
    "id": 18,
    "first_name": "Rachael",
    "last_name": "Guyot",
    "email": "rguyoth@squidoo.com",
    "gender": "Female",
    "ip_address": "229.44.160.87",
    "cost": 14000,
    "url_l": "https://live.staticflickr.com/65535/52740646218_604351b795_b.jpg"
  },
  {
    "id": 19,
    "first_name": "Bond",
    "last_name": "Malt",
    "email": "bmalti@squidoo.com",
    "gender": "Male",
    "ip_address": "83.99.185.14",
    "cost": 17000,
    "url_l": "https://live.staticflickr.com/65535/52740422183_ce57fd8dc9_b.jpg"
  },
  {
    "id": 20,
    "first_name": "Ryon",
    "last_name": "Orrah",
    "email": "rorrahj@phpbb.com",
    "gender": "Male",
    "ip_address": "175.250.206.10",
    "cost": 16000,
    "url_l": "https://live.staticflickr.com/65535/52739696296_b6302e8891_b.jpg"
  },
  {
    "id": 21,
    "first_name": "Cleon",
    "last_name": "Kneller",
    "email": "cknellerk@nbcnews.com",
    "gender": "Male",
    "ip_address": "100.122.46.225",
    "cost": 16000,
    "url_l": "https://live.staticflickr.com/65535/52739781090_113a9fe5ff_b.jpg"
  },
  {
    "id": 22,
    "first_name": "Rozina",
    "last_name": "Pratton",
    "email": "rprattonl@ehow.com",
    "gender": "Female",
    "ip_address": "108.65.66.255",
    "cost": 15000,
    "url_l": "https://live.staticflickr.com/65535/52739608914_48c9b039fd_b.jpg"
  },
  {
    "id": 23,
    "first_name": "Christophe",
    "last_name": "Trebbett",
    "email": "ctrebbettm@cdbaby.com",
    "gender": "Male",
    "ip_address": "176.147.139.24",
    "cost": 5000,
    "url_l": "https://live.staticflickr.com/65535/52739844383_97b1ea7648_b.jpg"
  },
  {
    "id": 24,
    "first_name": "Merrilee",
    "last_name": "Bambery",
    "email": "mbamberyn@digg.com",
    "gender": "Female",
    "ip_address": "189.213.204.177",
    "cost": 14000,
    "url_l": "https://live.staticflickr.com/65535/52739475353_8518331b28_b.jpg"
  },
  {
    "id": 25,
    "first_name": "Zeke",
    "last_name": "Tamsett",
    "email": "ztamsetto@paginegialle.it",
    "gender": "Male",
    "ip_address": "122.240.203.199",
    "cost": 15000,
    "url_l": "https://live.staticflickr.com/65535/52739145343_37fe65e3c8_b.jpg"
  },
  {
    "id": 26,
    "first_name": "Meredeth",
    "last_name": "Cristofolini",
    "email": "mcristofolinip@admin.ch",
    "gender": "Male",
    "ip_address": "80.16.249.141",
    "cost": 15000,
    "url_l": "https://live.staticflickr.com/65535/52732112431_1c71db053e_b.jpg"
  },
  {
    "id": 27,
    "first_name": "Georgi",
    "last_name": "Coombes",
    "email": "gcoombesq@webnode.com",
    "gender": "Male",
    "ip_address": "50.196.35.233",
    "cost": 14000,
    "url_l": "https://live.staticflickr.com/65535/52723854844_89cec75433_b.jpg"
  },
  {
    "id": 28,
    "first_name": "Wake",
    "last_name": "Hulke",
    "email": "whulker@mapquest.com",
    "gender": "Male",
    "ip_address": "216.92.109.134",
    "cost": 16000,
    "url_l": "https://live.staticflickr.com/65535/52737120967_a240e50d17_b.jpg"
  },
  {
    "id": 29,
    "first_name": "Brittaney",
    "last_name": "Klemmt",
    "email": "bklemmts@sakura.ne.jp",
    "gender": "Female",
    "ip_address": "166.160.17.54",
    "cost": 15000,
    "url_l": "https://live.staticflickr.com/65535/52738231335_29a08cb3d5_b.jpg"
  },
  {
    "id": 30,
    "first_name": "Andromache",
    "last_name": "Hrishchenko",
    "email": "ahrishchenkot@ucoz.com",
    "gender": "Female",
    "ip_address": "187.106.89.77",
    "cost": 15000,
    "url_l": "https://live.staticflickr.com/65535/52709627114_dea0a57d41_b.jpg"
  },
  {
    "id": 31,
    "first_name": "Lurline",
    "last_name": "Meddings",
    "email": "lmeddingsu@hp.com",
    "gender": "Female",
    "ip_address": "41.118.198.225",
    "cost": 15000,
    "url_l": "https://live.staticflickr.com/65535/52737121282_eb308b70ee_b.jpg"
  },
  {
    "id": 32,
    "first_name": "Elston",
    "last_name": "Duding",
    "email": "edudingv@storify.com",
    "gender": "Male",
    "ip_address": "247.27.4.40",
    "cost": 14000,
    "url_l": "https://live.staticflickr.com/65535/52738125248_3c48fa4b60_b.jpg"
  },
  {
    "id": 33,
    "first_name": "Sigismondo",
    "last_name": "Aldwich",
    "email": "saldwichw@nydailynews.com",
    "gender": "Male",
    "ip_address": "138.244.151.111",
    "cost": 14000,
    "url_l": "https://live.staticflickr.com/65535/52737980598_40e79a064c_b.jpg"
  },
  {
    "id": 34,
    "first_name": "Harley",
    "last_name": "Johannesson",
    "email": "hjohannessonx@vk.com",
    "gender": "Male",
    "ip_address": "36.211.41.183",
    "cost": 15000,
    "url_l": "https://live.staticflickr.com/65535/52708173724_f7472c9f81_b.jpg"
  },
  {
    "id": 35,
    "first_name": "Estrellita",
    "last_name": "Heasly",
    "email": "eheaslyy@naver.com",
    "gender": "Female",
    "ip_address": "97.219.191.85",
    "cost": 15000,
    "url_l": "https://live.staticflickr.com/65535/52732595848_1c6ce0dd3d_b.jpg"
  },
  {
    "id": 36,
    "first_name": "Ikey",
    "last_name": "Curbishley",
    "email": "icurbishleyz@prweb.com",
    "gender": "Male",
    "ip_address": "34.213.229.179",
    "cost": 15000,
    "url_l": "https://live.staticflickr.com/65535/52706830657_214eb50c47_b.jpg"
  },
  {
    "id": 37,
    "first_name": "Ariana",
    "last_name": "Draisey",
    "email": "adraisey10@list-manage.com",
    "gender": "Female",
    "ip_address": "122.253.174.220",
    "cost": 15000,
    "url_l": "https://live.staticflickr.com/65535/52731854089_d8cc9375ac_b.jpg"
  },
  {
    "id": 38,
    "first_name": "Darla",
    "last_name": "Jacobssen",
    "email": "djacobssen11@theatlantic.com",
    "gender": "Female",
    "ip_address": "186.251.164.114",
    "cost": 15000,
    "url_l": "https://live.staticflickr.com/65535/52732361419_b050084362_b.jpg"
  },
  {
    "id": 39,
    "first_name": "Tisha",
    "last_name": "Petrus",
    "email": "tpetrus12@aboutads.info",
    "gender": "Female",
    "ip_address": "233.113.247.183",
    "cost": 15000,
    "url_l": "https://live.staticflickr.com/65535/52703751263_d5a59c9ec6_b.jpg"
  },
  {
    "id": 40,
    "first_name": "Walker",
    "last_name": "Lunnon",
    "email": "wlunnon13@ebay.com",
    "gender": "Male",
    "ip_address": "58.23.193.73",
    "cost": 15000,
    "url_l": "https://live.staticflickr.com/65535/52701974386_7af7750203_b.jpg"
  },
  {
    "id": 41,
    "first_name": "Valerie",
    "last_name": "Brettor",
    "email": "vbrettor14@youtube.com",
    "gender": "Female",
    "ip_address": "169.125.197.169",
    "cost": 15000,
    "url_l": "https://live.staticflickr.com/65535/52741300007_964090560e_b.jpg"
  },
  {
    "id": 42,
    "first_name": "Jojo",
    "last_name": "Kealy",
    "email": "jkealy15@facebook.com",
    "gender": "Female",
    "ip_address": "142.40.85.148",
    "cost": 15000,
    "url_l": "https://live.staticflickr.com/65535/52732594738_60538c2846_b.jpg"
  },
  {
    "id": 43,
    "first_name": "Tony",
    "last_name": "Grossman",
    "email": "tgrossman16@google.com",
    "gender": "Male",
    "ip_address": "144.48.71.227",
    "cost": 15000,
    "url_l": "https://live.staticflickr.com/65535/52737561294_c6d75e4359_b.jpg"
  },
  {
    "id": 44,
    "first_name": "Peta",
    "last_name": "Ingree",
    "email": "pingree17@howstuffworks.com",
    "gender": "Female",
    "ip_address": "65.129.224.69",
    "cost": 15000,
    "url_l": "https://live.staticflickr.com/65535/52732031561_c68ae6b458_b.jpg"
  },
  {
    "id": 45,
    "first_name": "Wildon",
    "last_name": "Aggas",
    "email": "waggas18@de.vu",
    "gender": "Male",
    "ip_address": "117.249.3.204",
    "cost": 15000,
    "url_l": ""
  },
  {
    "id": 46,
    "first_name": "Charlene",
    "last_name": "Descroix",
    "email": "cdescroix19@cmu.edu",
    "gender": "Female",
    "ip_address": "50.165.164.30",
    "cost": 15000,
    "url_l": "https://live.staticflickr.com/65535/52735687850_619e02ffd0_b.jpg"
  },
  {
    "id": 47,
    "first_name": "Moore",
    "last_name": "Pitfield",
    "email": "mpitfield1a@example.com",
    "gender": "Male",
    "ip_address": "2.73.135.237",
    "cost": 15000,
    "url_l": "https://live.staticflickr.com/65535/52737232148_b213af7e57_b.jpg"
  },
  {
    "id": 48,
    "first_name": "Rodd",
    "last_name": "De Cleen",
    "email": "rdecleen1b@amazon.de",
    "gender": "Male",
    "ip_address": "77.133.235.124",
    "cost": 15000,
    "url_l": "https://live.staticflickr.com/65535/52730672917_b769378ba2_b.jpg"
  },
  {
    "id": 49,
    "first_name": "Drusie",
    "last_name": "Drabble",
    "email": "ddrabble1c@topsy.com",
    "gender": "Female",
    "ip_address": "114.234.147.20",
    "cost": 15000,
    "url_l": ""
  },
  {
    "id": 50,
    "first_name": "Reeta",
    "last_name": "MacIlurick",
    "email": "rmacilurick1d@biglobe.ne.jp",
    "gender": "Female",
    "ip_address": "17.64.187.76",
    "cost": 15000,
    "url_l": "https://live.staticflickr.com/65535/52733459947_542400c6c0_b.jpg"
  },
  {
    "id": 51,
    "first_name": "Maribel",
    "last_name": "Cockburn",
    "email": "mcockburn1e@craigslist.org",
    "gender": "Female",
    "ip_address": "180.21.218.135",
    "cost": 15000,
    "url_l": ""
  },
  {
    "id": 52,
    "first_name": "Hobard",
    "last_name": "McAdam",
    "email": "hmcadam1f@nyu.edu",
    "gender": "Female",
    "ip_address": "230.61.70.30",
    "cost": 15000,
    "url_l": ""
  },
  {
    "id": 53,
    "first_name": "Perri",
    "last_name": "Colbertson",
    "email": "pcolbertson1g@tripadvisor.com",
    "gender": "Female",
    "ip_address": "228.174.90.30",
    "cost": 15000,
    "url_l": "https://live.staticflickr.com/65535/52694982478_c3339c4a7a_b.jpg"
  },
  {
    "id": 54,
    "first_name": "Kellby",
    "last_name": "Cowderay",
    "email": "kcowderay1h@google.ru",
    "gender": "Male",
    "ip_address": "159.227.122.230",
    "cost": 15000,
    "url_l": "https://live.staticflickr.com/65535/52668755994_06a495f088_b.jpg"
  },
  {
    "id": 55,
    "first_name": "Farlay",
    "last_name": "Ead",
    "email": "fead1i@mozilla.org",
    "gender": "Male",
    "ip_address": "55.254.163.230",
    "cost": 15000,
    "url_l": "https://live.staticflickr.com/65535/52666883878_42423c5df9_b.jpg"
  },
  {
    "id": 56,
    "first_name": "Cordie",
    "last_name": "Meindl",
    "email": "cmeindl1j@amazon.co.uk",
    "gender": "Male",
    "ip_address": "244.154.240.69",
    "cost": 15000,
    "url_l": "https://live.staticflickr.com/65535/52735273678_1a3e8f6e66_b.jpg"
  },
  {
    "id": 57,
    "first_name": "Ashil",
    "last_name": "Bearns",
    "email": "abearns1k@homestead.com",
    "gender": "Female",
    "ip_address": "235.29.143.218",
    "cost": 15000,
    "url_l": "https://live.staticflickr.com/65535/52730957740_4f0f1529b1_b.jpg"
  },
  {
    "id": 58,
    "first_name": "Dolorita",
    "last_name": "Carpenter",
    "email": "dcarpenter1l@si.edu",
    "gender": "Female",
    "ip_address": "35.38.192.165",
    "cost": 15000,
    "url_l": ""
  },
  {
    "id": 59,
    "first_name": "Niel",
    "last_name": "Finkle",
    "email": "nfinkle1m@noaa.gov",
    "gender": "Male",
    "ip_address": "21.45.237.209",
    "cost": 15000,
    "url_l": "https://live.staticflickr.com/65535/52666781113_62c0ec120c_b.jpg"
  },
  {
    "id": 60,
    "first_name": "Chad",
    "last_name": "Dicks",
    "email": "cdicks1n@addthis.com",
    "gender": "Male",
    "ip_address": "147.245.211.143",
    "cost": 15000,
    "url_l": "https://live.staticflickr.com/65535/52734481080_bdf924a2db_b.jpg"
  },
  {
    "id": 61,
    "first_name": "Druci",
    "last_name": "Eleshenar",
    "email": "deleshenar1o@sourceforge.net",
    "gender": "Female",
    "ip_address": "49.255.175.132",
    "cost": 15000,
    "url_l": "https://live.staticflickr.com/65535/52722137329_3cd4a6e08d_b.jpg"
  },
  {
    "id": 62,
    "first_name": "Lorri",
    "last_name": "Bover",
    "email": "lbover1p@biglobe.ne.jp",
    "gender": "Female",
    "ip_address": "220.213.74.241",
    "cost": 15000,
    "url_l": "https://live.staticflickr.com/65535/52715682842_f1c3cfe068_b.jpg"
  },
  {
    "id": 63,
    "first_name": "Simone",
    "last_name": "Vasenin",
    "email": "svasenin1q@army.mil",
    "gender": "Male",
    "ip_address": "19.158.68.40",
    "cost": 15000,
    "url_l": ""
  },
  {
    "id": 64,
    "first_name": "Lurette",
    "last_name": "Duval",
    "email": "lduval1r@uol.com.br",
    "gender": "Female",
    "ip_address": "107.118.108.76",
    "cost": 15000,
    "url_l": "https://live.staticflickr.com/65535/52723814440_9537c071f3_b.jpg"
  },
  {
    "id": 65,
    "first_name": "Ashlin",
    "last_name": "Blaskett",
    "email": "ablaskett1s@intel.com",
    "gender": "Male",
    "ip_address": "65.220.191.107",
    "cost": 15000,
    "url_l": "https://live.staticflickr.com/65535/52735133669_d33e3675de_b.jpg"
  },
  {
    "id": 66,
    "first_name": "Staci",
    "last_name": "Klaaasen",
    "email": "sklaaasen1t@4shared.com",
    "gender": "Female",
    "ip_address": "151.64.28.179",
    "cost": 15000,
    "url_l": ""
  },
  {
    "id": 67,
    "first_name": "Hephzibah",
    "last_name": "Biaggioni",
    "email": "hbiaggioni1u@chronoengine.com",
    "gender": "Female",
    "ip_address": "188.197.205.186",
    "cost": 15000,
    "url_l": "https://live.staticflickr.com/65535/52691910535_201d3bf92c_b.jpg"
  },
  {
    "id": 68,
    "first_name": "Nealson",
    "last_name": "Doubrava",
    "email": "ndoubrava1v@tiny.cc",
    "gender": "Male",
    "ip_address": "207.170.190.157",
    "cost": 15000,
    "url_l": "https://live.staticflickr.com/65535/52646433384_eecaf9866c_b.jpg"
  },
  {
    "id": 69,
    "first_name": "Lucinda",
    "last_name": "Devin",
    "email": "ldevin1w@ameblo.jp",
    "gender": "Female",
    "ip_address": "140.81.179.104",
    "cost": 15000,
    "url_l": ""
  },
  {
    "id": 70,
    "first_name": "Shalne",
    "last_name": "Cleland",
    "email": "scleland1x@deviantart.com",
    "gender": "Female",
    "ip_address": "3.195.98.248",
    "cost": 15000,
    "url_l": "https://live.staticflickr.com/65535/52711500669_4308efa8ed_b.jpg"
  },
  {
    "id": 71,
    "first_name": "Burnaby",
    "last_name": "Sidry",
    "email": "bsidry1y@webmd.com",
    "gender": "Male",
    "ip_address": "1.179.171.194",
    "cost": 15000,
    "url_l": ""
  },
  {
    "id": 72,
    "first_name": "Gwen",
    "last_name": "McGarrity",
    "email": "gmcgarrity1z@furl.net",
    "gender": "Female",
    "ip_address": "81.238.232.44",
    "cost": 15000,
    "url_l": "https://live.staticflickr.com/65535/52734393178_e412e41281_b.jpg"
  },
  {
    "id": 73,
    "first_name": "Chelsae",
    "last_name": "Dulake",
    "email": "cdulake20@techcrunch.com",
    "gender": "Female",
    "ip_address": "14.58.117.234",
    "cost": 15000,
    "url_l": "https://live.staticflickr.com/65535/52653195803_61700801a5_b.jpg"
  },
  {
    "id": 74,
    "first_name": "Ario",
    "last_name": "McGenn",
    "email": "amcgenn21@is.gd",
    "gender": "Male",
    "ip_address": "206.247.4.63",
    "cost": 15000,
    "url_l": ""
  },
  {
    "id": 75,
    "first_name": "Ellette",
    "last_name": "Flowerdew",
    "email": "eflowerdew22@blinklist.com",
    "gender": "Female",
    "ip_address": "150.16.15.150",
    "cost": 15000,
    "url_l": "https://live.staticflickr.com/65535/52695674547_b366ddd4a0_b.jpg"
  },
  {
    "id": 76,
    "first_name": "Lynnelle",
    "last_name": "Pedri",
    "email": "lpedri23@prweb.com",
    "gender": "Female",
    "ip_address": "174.56.37.85",
    "cost": 15000,
    "url_l": ""
  },
  {
    "id": 77,
    "first_name": "Jarad",
    "last_name": "Tithecott",
    "email": "jtithecott24@domainmarket.com",
    "gender": "Male",
    "ip_address": "24.189.28.32",
    "cost": 15000,
    "url_l": "https://live.staticflickr.com/65535/52683066915_e86bba28c7_b.jpg"
  },
  {
    "id": 78,
    "first_name": "Farly",
    "last_name": "Keyes",
    "email": "fkeyes25@newyorker.com",
    "gender": "Male",
    "ip_address": "117.99.183.36",
    "cost": 15000,
    "url_l": ""
  },
  {
    "id": 79,
    "first_name": "Dasha",
    "last_name": "Cathrae",
    "email": "dcathrae26@imageshack.us",
    "gender": "Female",
    "ip_address": "139.32.129.57",
    "cost": 15000,
    "url_l": "https://live.staticflickr.com/65535/52679764245_eb1a4afd6d_b.jpg"
  },
  {
    "id": 80,
    "first_name": "Lance",
    "last_name": "Ewestace",
    "email": "lewestace27@walmart.com",
    "gender": "Male",
    "ip_address": "253.87.143.22",
    "cost": 15000,
    "url_l": "https://live.staticflickr.com/65535/52737119403_46c1e4b510_b.jpg"
  },
  {
    "id": 81,
    "first_name": "Cornell",
    "last_name": "Needs",
    "email": "cneeds28@slashdot.org",
    "gender": "Male",
    "ip_address": "136.104.212.35",
    "cost": 15000,
    "url_l": ""
  },
  {
    "id": 82,
    "first_name": "Brendin",
    "last_name": "Birkbeck",
    "email": "bbirkbeck29@hc360.com",
    "gender": "Male",
    "ip_address": "160.138.208.132",
    "cost": 15000,
    "url_l": ""
  },
  {
    "id": 83,
    "first_name": "Cassy",
    "last_name": "Abbiss",
    "email": "cabbiss2a@tinyurl.com",
    "gender": "Female",
    "ip_address": "89.138.81.228",
    "cost": 15000,
    "url_l": "https://live.staticflickr.com/65535/52680700856_91b7239e16_b.jpg"
  },
  {
    "id": 84,
    "first_name": "Will",
    "last_name": "Eul",
    "email": "weul2b@mayoclinic.com",
    "gender": "Male",
    "ip_address": "22.122.198.56",
    "cost": 15000,
    "url_l": ""
  },
  {
    "id": 85,
    "first_name": "Hildagard",
    "last_name": "Minucci",
    "email": "hminucci2c@columbia.edu",
    "gender": "Female",
    "ip_address": "188.204.7.13",
    "cost": 15000,
    "url_l": ""
  },
  {
    "id": 86,
    "first_name": "Erv",
    "last_name": "Worham",
    "email": "eworham2d@alibaba.com",
    "gender": "Male",
    "ip_address": "148.190.2.210",
    "cost": 15000,
    "url_l": ""
  },
  {
    "id": 87,
    "first_name": "Ora",
    "last_name": "Nasi",
    "email": "onasi2e@newyorker.com",
    "gender": "Female",
    "ip_address": "152.153.108.79",
    "cost": 15000,
    "url_l": ""
  },
  {
    "id": 88,
    "first_name": "Thorstein",
    "last_name": "Boustred",
    "email": "tboustred2f@ebay.com",
    "gender": "Male",
    "ip_address": "248.57.107.242",
    "cost": 15000,
    "url_l": "https://live.staticflickr.com/65535/52736790444_23dd48ee3d_b.jpg"
  },
  {
    "id": 89,
    "first_name": "Marthena",
    "last_name": "O' Cloney",
    "email": "mocloney2g@booking.com",
    "gender": "Female",
    "ip_address": "161.86.35.36",
    "cost": 15000,
    "url_l": ""
  },
  {
    "id": 90,
    "first_name": "Tommy",
    "last_name": "Basile",
    "email": "tbasile2h@ted.com",
    "gender": "Male",
    "ip_address": "66.12.170.151",
    "cost": 15000,
    "url_l": ""
  },
  {
    "id": 91,
    "first_name": "Clevey",
    "last_name": "Sieghart",
    "email": "csieghart2i@dropbox.com",
    "gender": "Female",
    "ip_address": "140.244.70.59",
    "cost": 15000,
    "url_l": "https://live.staticflickr.com/65535/52698684498_373d42621e_b.jpg"
  },
  {
    "id": 92,
    "first_name": "Hugo",
    "last_name": "Baford",
    "email": "hbaford2j@ning.com",
    "gender": "Female",
    "ip_address": "195.140.89.245",
    "cost": 15000,
    "url_l": ""
  },
  {
    "id": 93,
    "first_name": "Francisca",
    "last_name": "Valentetti",
    "email": "fvalentetti2k@bloglovin.com",
    "gender": "Female",
    "ip_address": "18.201.134.226",
    "cost": 15000,
    "url_l": ""
  },
  {
    "id": 94,
    "first_name": "Derrick",
    "last_name": "Pook",
    "email": "dpook2l@free.fr",
    "gender": "Male",
    "ip_address": "237.223.223.230",
    "cost": 15000,
    "url_l": ""
  },
  {
    "id": 95,
    "first_name": "Aldric",
    "last_name": "Whinray",
    "email": "awhinray2m@ezinearticles.com",
    "gender": "Male",
    "ip_address": "10.247.167.253",
    "cost": 15000,
    "url_l": "https://live.staticflickr.com/65535/52735796768_a89123334a_b.jpg"
  },
  {
    "id": 96,
    "first_name": "Cairistiona",
    "last_name": "Roscher",
    "email": "croscher2n@marriott.com",
    "gender": "Female",
    "ip_address": "21.225.212.86",
    "cost": 15000,
    "url_l": "https://live.staticflickr.com/65535/52735620449_a8d373f729_b.jpg"
  },
  {
    "id": 97,
    "first_name": "Saul",
    "last_name": "Patrick",
    "email": "spatrick2o@eventbrite.com",
    "gender": "Male",
    "ip_address": "128.46.115.62",
    "cost": 15000,
    "url_l": ""
  },
  {
    "id": 98,
    "first_name": "Adlai",
    "last_name": "Braban",
    "email": "abraban2p@lulu.com",
    "gender": "Female",
    "ip_address": "9.240.132.52",
    "cost": 15000,
    "url_l": ""
  },
  {
    "id": 99,
    "first_name": "Olenolin",
    "last_name": "Bill",
    "email": "obill2q@shop-pro.jp",
    "gender": "Male",
    "ip_address": "25.245.25.205",
    "cost": 15000,
    "url_l": ""
  },
  {
    "id": 100,
    "first_name": "Gabby",
    "last_name": "Turvie",
    "email": "gturvie2r@techcrunch.com",
    "gender": "Male",
    "ip_address": "49.250.145.169",
    "cost": 15000,
    "url_l": "https://live.staticflickr.com/65535/52736998189_082f9f314e_b.jpg"
  }
]
